CNTR_CODE,NUTS_ID,NUTS_NAME,Panel A
BG,BG423,Пазарджик,-28.35886439
BG,BG424,Смолян,-20.75023647
BG,BG425,Кърджали,-14.84691694
AT,AT111,Mittelburgenland,0
AT,AT112,Nordburgenland,21.70765217
AT,AT113,Südburgenland,7.617475722
AT,AT121,Mostviertel-Eisenwurzen,10.71237506
AT,AT122,Niederösterreich-Süd,17.09715486
AT,AT123,Sankt,15.15435395
AT,AT124,Waldviertel,9.881429828
AT,AT125,Weinviertel,26.53117592
AT,AT126,Wiener,16.06549829
AT,AT127,Wiener,9.494304666
AT,AT130,Wien,19.92499472
AT,AT211,Klagenfurt-Villach,1.849282712
AT,AT212,Oberkärnten,-4.59532739
AT,AT213,Unterkärnten,-27.01892503
AT,AT221,Graz,2.589928656
AT,AT222,Liezen,11.64615636
AT,AT223,Östliche,11.75365501
AT,AT224,Oststeiermark,11.33893868
AT,AT225,West-,5.814398232
AT,AT226,Westliche,9.658575838
AT,AT311,Innviertel,-4.155933334
AT,AT312,Linz-Wels,-10.01753441
AT,AT313,Mühlviertel,14.49528007
AT,AT314,Steyr-Kirchdorf,7.457986086
AT,AT315,Traunviertel,-37.16110564
AT,AT321,Lungau,7.617473169
AT,AT322,Pinzgau-Pongau,0
AT,AT323,Salzburg,0.895482532
AT,AT331,Außerfern,7.617471115
AT,AT332,Innsbruck,7.053907626
AT,AT333,Osttirol,-23.92482245
AT,AT334,Tiroler,15.19856605
AT,AT335,Tiroler,5.132897778
AT,AT341,Bludenz-Bregenzer,0
AT,AT342,Rheintal-Bodenseegebiet,5.721775987
BE,BE100,Arr.,-1.359659778
BE,BE211,Arr.,7.308690198
BE,BE212,Arr.,10.22900024
BE,BE213,Arr.,33.97101577
BE,BE224,Arr.,26.1719178
BE,BE225,Arr.,20.40012802
BE,BE223,Arr.,24.91707009
BE,BE231,Arr.,4.335459869
BE,BE232,Arr.,23.8246234
BE,BE233,Arr.,26.98152371
BE,BE234,Arr.,13.70276661
BE,BE235,Arr.,23.69071146
BE,BE236,Arr.,26.77769072
BE,BE241,Arr.,3.744552032
BE,BE242,Arr.,23.91266447
BE,BE251,Arr.,17.19984683
BE,BE252,Arr.,36.97970245
BE,BE253,Arr.,14.65424036
BE,BE254,Arr.,1.153818743
BE,BE255,Arr.,35.57518371
BE,BE256,Arr.,0
BE,BE257,Arr.,36.13994066
BE,BE258,Arr.,28.18274757
BE,BE310,Arr.,82.96611628
BE,BE32A,Arr.,26.87371535
BE,BE32B,Arr.,-4.908496266
BE,BE323,Arr.,74.51941738
BE,BE328,Arr.,14.84363482
BE,BE32C,Arr.,0
BE,BE32D,Arr.,0
BE,BE331,Arr.,28.39886136
BE,BE332,Arr.,4.636369152
BE,BE334,Arr.,0
BE,BE335,Arr.,0
BE,BE336,Bezirk,0
BE,BE341,Arr.,0
BE,BE342,Arr.,33.97101755
BE,BE343,Arr.,35.33138208
BE,BE344,Arr.,33.97102834
BE,BE345,Arr.,33.91483862
BE,BE351,Arr.,36.63911194
BE,BE352,Arr.,13.985357
BE,BE353,Arr.,32.01219108
BG,BG311,Видин,-40.96938823
BG,BG312,Монтана,-24.10982022
BG,BG313,Враца,-17.67056436
BG,BG314,Плевен,-24.38736047
BG,BG315,Ловеч,-20.74782208
BG,BG321,Велико,-26.3352796
BG,BG322,Габрово,-21.04163051
BG,BG323,Русе,-23.13856131
BG,BG324,Разград,0
BG,BG325,Силистра,-9.370293363
BG,BG331,Варна,-33.1676822
BG,BG332,Добрич,-20.74782963
BG,BG333,Шумен,-20.79458028
BG,BG334,Търговище,0
BG,BG341,Бургас,-39.91602299
BG,BG342,Сливен,-47.16521596
BG,BG343,Ямбол,-18.2963516
BG,BG344,Стара,-26.47247049
BG,BG411,София,-14.91889346
BG,BG412,София,-20.74783046
BG,BG413,Благоевград,-20.75043145
BG,BG414,Перник,-20.74782585
BG,BG415,Кюстендил,-20.74782969
BG,BG421,Пловдив,-12.60239241
BG,BG422,Хасково,-3.488962715
DE,DE736,Waldeck-Frankenberg,8.15573742
DE,DE737,Werra-Meißner-Kreis,-2.932938725
DE,DE803,"Rostock,",-5.537043245
DE,DE804,"Schwerin,",-4.78304427
DE,DE80J,Mecklenburgische,-5.606896786
DE,DE80K,Landkreis,-4.783048586
DE,DE80L,Vorpommern-Rügen,-2.32770045
DE,DE80M,Nordwestmecklenburg,-4.534016162
DE,DE80N,Vorpommern-Greifswald,-2.932046957
DE,DE80O,Ludwigslust-Parchim,-4.602070476
DE,DE911,"Braunschweig,",-8.148565877
DE,DE912,"Salzgitter,",0
DE,DE913,"Wolfsburg,",-4.992338629
DE,DE914,Gifhorn,-6.216284566
DE,DE916,Goslar,0
DE,DE917,Helmstedt,-4.783043064
DE,DE918,Northeim,-5.608462887
DE,DE91A,Peine,-23.37960759
DE,DE91B,Wolfenbüttel,-7.134302698
DE,DE91C,Göttingen,-2.671836233
DE,DE922,Diepholz,-11.15113528
DE,DE923,Hameln-Pyrmont,-7.807557401
DE,DE925,Hildesheim,-7.567193463
DE,DE926,Holzminden,-5.56826847
DE,DE927,Nienburg,-6.849078234
DE,DE928,Schaumburg,-2.687247642
DE,DE40B,Oberspreewald-Lausitz,-8.376669268
DE,DE40C,Oder-Spree,-8.478089624
DE,DE40D,Ostprignitz-Ruppin,-4.783034124
DE,DE40E,Potsdam-Mittelmark,-3.286700681
DE,DE40F,Prignitz,-10.94011745
DE,DE40G,Spree-Neiße,-10.58654186
DE,DE40H,Teltow-Fläming,-4.374384187
DE,DE40I,Uckermark,-4.918046858
DE,DE501,"Bremen,",-7.648305576
DE,DE502,"Bremerhaven,",-4.394651979
DE,DE600,Hamburg,-6.909455559
DE,DE711,"Darmstadt,",0
DE,DE712,Frankfurt,-6.707793113
DE,DE713,Offenbach,-5.202640793
DE,DE714,"Wiesbaden,",-12.11138601
DE,DE715,Bergstraße,-12.31502051
DE,DE716,Darmstadt-Dieburg,0
DE,DE717,Groß-Gerau,-7.483269412
DE,DE718,Hochtaunuskreis,0
DE,DE719,Main-Kinzig-Kreis,-9.786404994
DE,DE71A,Main-Taunus-Kreis,-11.82657392
DE,DE71B,Odenwaldkreis,0
DE,DE71C,"Offenbach,",-10.48453263
DE,DE71D,Rheingau-Taunus-Kreis,-5.88554999
DE,DE71E,Wetteraukreis,-9.813765832
DE,DE721,"Gießen,",-9.12800937
DE,DE722,Lahn-Dill-Kreis,-7.381075355
DE,DE723,Limburg-Weilburg,-6.283851206
DE,DE724,Marburg-Biedenkopf,-6.357232548
DE,DE725,Vogelsbergkreis,-4.783047734
DE,DE731,"Kassel,",-4.861429753
DE,DE732,Fulda,0
DE,DE929,Region,-6.830333225
DE,DE931,Celle,-8.94159053
DE,DE11A,Schwäbisch,0
DE,DE11B,Main-Tauber-Kreis,-4.653744448
DE,DE11C,Heidenheim,1.686260389
DE,DE11D,Ostalbkreis,0
DE,DE121,"Baden-Baden,",0
DE,DE122,"Karlsruhe,",-7.541906444
DE,DE123,"Karlsruhe,",-5.653068826
DE,DE124,Rastatt,-7.998377388
DE,DE125,"Heidelberg,",-7.883484831
DE,DE126,"Mannheim,",-5.589009835
DE,DE127,Neckar-Odenwald-Kreis,-3.121881466
DE,DE128,Rhein-Neckar-Kreis,-7.00399752
DE,DE129,"Pforzheim,",-2.601702469
DE,DE12A,Calw,0
DE,DE12B,Enzkreis,-0.353457153
DE,DE12C,Freudenstadt,-4.783043026
DE,DE131,Freiburg,0
DE,DE132,Breisgau-Hochschwarzwald,-5.693720808
DE,DE133,Emmendingen,-7.262687607
DE,DE134,Ortenaukreis,-3.902259744
DE,DE135,Rottweil,-4.783039301
DE,DE136,Schwarzwald-Baar-Kreis,0
DE,DE137,Tuttlingen,0
DE,DE138,Konstanz,0.911764126
DE,DE139,Lörrach,21.17125555
DE,DE13A,Waldshut,13.59195625
DE,DE141,Reutlingen,-1.268401125
DE,DE142,"Tübingen,",-8.495735514
DE,DE143,Zollernalbkreis,0
DE,DE144,"Ulm,",-7.231865879
DE,DE145,Alb-Donau-Kreis,-1.217871744
DE,DE146,Biberach,-0.983702896
DE,DE147,Bodenseekreis,0.883223009
DE,DE148,Ravensburg,-3.640110022
DE,DE149,Sigmaringen,1.229437586
DE,DE211,"Ingolstadt,",-11.67790033
DE,DE212,"München,",-4.893083643
DE,DE213,"Rosenheim,",-0.627745181
DE,DE214,Altötting,-2.981838864
DE,DE215,Berchtesgadener,-0.340399098
DE,DE216,Bad,-4.783035887
DE,DE217,Dachau,0
DE,DE218,Ebersberg,0
DE,DE219,Eichstätt,-3.898682916
DE,DE21A,Erding,-4.783042122
DE,DE21B,Freising,-11.10678402
DE,DE21C,Fürstenfeldbruck,0
DE,DE21D,Garmisch-Partenkirchen,0
DE,DE21E,Landsberg,0
DE,DE21F,Miesbach,0
DE,DE21G,Mühldorf,-10.99323484
DE,DE21H,"München,",-11.07556463
DE,DE21I,Neuburg-Schrobenhausen,-5.194601226
DE,DE21J,Pfaffenhofen,-1.870382793
DE,DE21K,"Rosenheim,",-5.040929089
DE,DE21L,Starnberg,0
DE,DE21M,Traunstein,-4.783041784
DE,DE21N,Weilheim-Schongau,0
DE,DE221,"Landshut,",-10.45924459
DE,DE222,"Passau,",-5.84283754
DE,DE223,"Straubing,",-14.85655394
DE,DE224,Deggendorf,-1.952678147
DE,DE225,Freyung-Grafenau,0
DE,DE226,Kelheim,-6.264618398
DE,DE227,"Landshut,",-7.181887082
DE,DE228,"Passau,",-6.882953355
DE,DE229,Regen,0
DE,DE22A,Rottal-Inn,-8.894919896
DE,DE22B,Straubing-Bogen,-4.783040527
DE,DE22C,Dingolfing-Landau,-1.771418619
DE,DE231,"Amberg,",-3.963184677
DE,DE232,"Regensburg,",-11.64030035
DE,DE233,Weiden,-8.708769523
CZ,CZ010,Hlavní,-2.3705716
CZ,CZ020,Středočeský,10.71948361
CZ,CZ031,Jihočeský,1.191975244
CZ,CZ032,Plzeňský,8.978634858
CZ,CZ041,Karlovarský,5.375334809
CZ,CZ042,Ústecký,1.187286458
CZ,CZ051,Liberecký,8.810797111
CZ,CZ052,Královéhradecký,-6.46590595
CZ,CZ053,Pardubický,4.99627857
CZ,CZ063,Kraj,5.402634018
CZ,CZ064,Jihomoravský,1.633618396
CZ,CZ071,Olomoucký,8.293067898
CZ,CZ072,Zlínský,10.07657328
CZ,CZ080,Moravskoslezský,11.03254728
DE,DE111,"Stuttgart,",-6.003934207
DE,DE112,Böblingen,0
DE,DE113,Esslingen,-9.873183376
DE,DE114,Göppingen,0
DE,DE115,Ludwigsburg,-11.09178115
DE,DE116,Rems-Murr-Kreis,0
DE,DE117,"Heilbronn,",-11.96148728
DE,DE118,"Heilbronn,",-3.449788913
DE,DE119,Hohenlohekreis,0
DE,DE264,"Aschaffenburg,",-13.88507469
DE,DE265,Bad,-1.695346824
DE,DE266,Rhön-Grabfeld,-5.894127727
DE,DE267,Haßberge,-4.783043429
DE,DE268,Kitzingen,-13.88719664
DE,DE269,Miltenberg,-5.705227743
DE,DE26A,Main-Spessart,-1.235714554
DE,DE26B,"Schweinfurt,",-10.19618161
DE,DE26C,"Würzburg,",-1.730988279
DE,DE271,"Augsburg,",-8.357195809
DE,DE272,"Kaufbeuren,",0
DE,DE273,Kempten,0
DE,DE274,"Memmingen,",0
DE,DE275,Aichach-Friedberg,-12.09052083
DE,DE276,"Augsburg,",-1.073624348
DE,DE277,Dillingen,-1.998105334
DE,DE278,Günzburg,-0.689821704
DE,DE279,Neu-Ulm,-7.315216402
DE,DE27A,Lindau,-4.783040457
DE,DE27B,Ostallgäu,-4.783043451
DE,DE27C,Unterallgäu,-4.783045816
DE,DE27D,Donau-Ries,-1.966255453
DE,DE27E,Oberallgäu,0
DE,DE300,Berlin,-5.160454092
DE,DE401,Brandenburg,-3.131020594
DE,DE402,"Cottbus,",-3.675016993
DE,DE403,Frankfurt,5.403402666
DE,DE404,"Potsdam,",-6.050600645
DE,DE405,Barnim,-6.291148169
DE,DE406,Dahme-Spreewald,-6.5760661
DE,DE407,Elbe-Elster,-2.770416427
DE,DE408,Havelland,-6.451446974
DE,DE409,Märkisch-Oderland,-6.141798593
DE,DE40A,Oberhavel,-9.525859388
DE,DE234,Amberg-Sulzbach,-4.783040112
DE,DE235,Cham,-5.69925201
DE,DE236,Neumarkt,-3.578411248
DE,DE237,Neustadt,-4.783042387
DE,DE238,"Regensburg,",-3.860991334
DE,DE239,Schwandorf,-2.538212768
DE,DE23A,Tirschenreuth,0
DE,DE241,"Bamberg,",-8.147640482
DE,DE242,"Bayreuth,",0
DE,DE243,"Coburg,",0
DE,DE244,"Hof,",0
DE,DE245,"Bamberg,",-2.6123115
DE,DE246,"Bayreuth,",-4.783047631
DE,DE247,"Coburg,",-4.783038509
DE,DE248,Forchheim,-6.230881711
DE,DE249,"Hof,",0
DE,DE24A,Kronach,1.412060388
DE,DE24B,Kulmbach,-19.26868233
DE,DE24C,Lichtenfels,-2.30601359
DE,DE24D,Wunsiedel,0
DE,DE251,"Ansbach,",0
DE,DE252,"Erlangen,",-8.485484404
DE,DE253,"Fürth,",-6.179300598
DE,DE254,"Nürnberg,",-6.299203992
DE,DE255,"Schwabach,",-4.783042015
DE,DE256,"Ansbach,",-4.783040984
DE,DE257,Erlangen-Höchstadt,-4.904457944
DE,DE258,"Fürth,",-4.78304009
DE,DE259,Nürnberger,0
DE,DE25A,Neustadt,-4.783042833
DE,DE25B,Roth,305.2010301
DE,DE25C,Weißenburg-Gunzenhausen,7.575862315
DE,DE261,"Aschaffenburg,",-10.80058852
DE,DE262,"Schweinfurt,",-19.55502393
DE,DE263,"Würzburg,",-12.11219042
DE,DE932,Cuxhaven,-4.721747589
DE,DE933,Harburg,-6.249025428
DE,DE934,Lüchow-Dannenberg,-6.662946936
DE,DE935,"Lüneburg,",-8.716236071
DE,DE936,Osterholz,-2.927598909
DE,DE937,Rotenburg,-7.483565093
DE,DE938,Heidekreis,-7.598385394
DE,DE939,Stade,-4.547593659
DE,DE93A,Uelzen,-7.29084609
DE,DE93B,Verden,-9.480106119
DE,DE941,"Delmenhorst,",-4.783042948
DE,DE942,"Emden,",-4.449018796
DE,DE943,Oldenburg,-11.5804654
DE,DE944,"Osnabrück,",0
DE,DE945,"Wilhelmshaven,",-5.081395198
DE,DE946,Ammerland,-9.182474553
DE,DE947,Aurich,-4.761539773
DE,DE948,Cloppenburg,-1.438006185
DE,DE949,Emsland,-6.396481754
DE,DE94A,Friesland,-4.869045436
DE,DE94B,Grafschaft,-1.648852361
DE,DE94C,Leer,-3.99849777
DE,DE94D,"Oldenburg,",-4.783041967
DE,DE94E,"Osnabrück,",-2.345556208
DE,DE94F,Vechta,-5.798934922
DE,DE94G,Wesermarsch,-5.869449896
DE,DE94H,Wittmund,-5.326775028
DE,DEA11,"Düsseldorf,",-9.009968702
DE,DEA12,"Duisburg,",-9.40405782
DE,DEA13,"Essen,",-7.222781217
DE,DEA14,"Krefeld,",-17.89158377
DE,DE733,Hersfeld-Rotenburg,-4.052732637
DE,DE734,"Kassel,",-3.93367672
DE,DE735,Schwalm-Eder-Kreis,-4.07528936
DE,DEA53,"Hagen,",-6.12647371
DE,DEA54,"Hamm,",-5.837012777
DE,DEA55,"Herne,",0
DE,DEA56,Ennepe-Ruhr-Kreis,-5.700696033
DE,DEA57,Hochsauerlandkreis,-7.060976956
DE,DEA58,Märkischer,-4.783042908
DE,DEA59,Olpe,0
DE,DEA5A,Siegen-Wittgenstein,0
DE,DEA5B,Soest,-6.643136339
DE,DEA5C,Unna,-12.03433368
DE,DEB11,"Koblenz,",-5.253324805
DE,DEB12,Ahrweiler,-27.0807809
DE,DEB13,Altenkirchen,-3.460442676
DE,DEB14,Bad,-6.496442628
DE,DEB15,Birkenfeld,0
DE,DEB17,Mayen-Koblenz,-8.655942882
DE,DEB18,Neuwied,-13.26829428
DE,DEB1A,Rhein-Lahn-Kreis,-1.387155901
DE,DEB1B,Westerwaldkreis,0
DE,DEB1C,Cochem-Zell,-3.827441383
DE,DEB1D,Rhein-Hunsrück-Kreis,7.724054085
DE,DEB21,"Trier,",-11.2148264
DE,DEB22,Bernkastel-Wittlich,-5.413854147
DE,DEB23,Eifelkreis,89.71640877
DE,DEB24,Vulkaneifel,0
DE,DEB25,Trier-Saarburg,7.797632961
DE,DEB31,Frankenthal,-11.14106066
DE,DEB32,"Kaiserslautern,",0
DE,DEB33,Landau,0
DE,DEB34,Ludwigshafen,-8.190976333
DE,DEB35,"Mainz,",-9.076733976
DE,DEB36,Neustadt,0
DE,DEB37,"Pirmasens,",0
DE,DEB38,"Speyer,",-21.28652077
DE,DEB39,"Worms,",-9.48051511
DE,DEB3A,"Zweibrücken,",-7.690885009
DE,DEB3B,Alzey-Worms,-49.38969052
DE,DEB3C,Bad,0
DE,DEB3D,Donnersbergkreis,0
DE,DEB3E,Germersheim,-9.273776586
DE,DEB3F,"Kaiserslautern,",0
DE,DEB3G,Kusel,-4.783035866
DE,DEB3H,Südliche,0
DE,DEB3I,Rhein-Pfalz-Kreis,-11.17447508
DE,DEB3J,Mainz-Bingen,-14.19279689
DE,DEB3K,Südwestpfalz,0
DE,Dec-01,Regionalverband,-7.160868762
DE,Dec-02,Merzig-Wadern,-2.580941201
DE,Dec-03,Neunkirchen,0
DE,Dec-04,Saarlouis,-8.55339671
DE,Dec-05,Saarpfalz-Kreis,-4.06702059
DE,Dec-06,St.,0
DE,DED21,"Dresden,",-8.49870409
DE,DED2C,Bautzen,-3.63573473
DE,DED2D,Görlitz,-10.78874698
DE,DED2E,Meißen,-10.30877672
DE,DED2F,Sächsische,-7.851765635
DE,DED41,"Chemnitz,",0
DE,DED42,Erzgebirgskreis,0
DE,DED43,Mittelsachsen,0.015632903
DE,DED44,Vogtlandkreis,0
DE,DED45,Zwickau,-5.404362939
DE,DED51,"Leipzig,",-9.234832358
DE,DED52,Leipzig,-7.736821243
DE,DED53,Nordsachsen,-7.232881869
DE,DEE01,"Dessau-Roßlau,",-17.53847426
DE,DEE02,Halle,-8.57984194
DE,DEE03,"Magdeburg,",-11.27789742
DE,DEE04,Altmarkkreis,-11.93986577
DE,DEE05,Anhalt-Bitterfeld,-23.1190375
DE,DEE06,Jerichower,-19.08601912
DE,DEE07,Börde,-18.78754579
DE,DEE08,Burgenlandkreis,-11.86536006
DE,DEG0E,Hildburghausen,0
DE,DEG0F,Ilm-Kreis,0
DE,DEG0G,Weimarer,-4.783041208
DE,DEG0H,Sonneberg,0
DE,DEG0I,Saalfeld-Rudolstadt,-24.54450935
DE,DEG0J,Saale-Holzland-Kreis,-13.6208373
DE,DEG0K,Saale-Orla-Kreis,0
DE,DEG0L,Greiz,-4.783037386
DE,DEG0M,Altenburger,0
DE,DEG0N,"Eisenach,",-4.783043244
DE,DEG0P,Wartburgkreis,-4.944441902
DK,DK011,Byen,5.841178592
DK,DK012,Københavns,7.936173388
DK,DK013,Nordsjælland,23.94221063
DK,DK014,Bornholm,17.71080997
DK,DK021,Østsjælland,13.79400836
DK,DK022,Vest-,25.24434698
DK,DK031,Fyn,15.96537386
DK,DK032,Sydjylland,17.80401515
DK,DK041,Vestjylland,25.99326248
DK,DK042,Østjylland,15.93537265
DK,DK050,Nordjylland,19.06907252
EE,EE001,Põhja-Eesti,-4.009840907
EE,EE004,Lääne-Eesti,-8.193856249
EE,EE009,Kesk-Eesti,-6.141961093
EE,EE00A,Kirde-Eesti,4.604516263
EE,EE008,Lõuna-Eesti,-5.885911693
EL,EL301,Βόρειος,0
EL,EL302,Δυτικός,3.486595284
EL,EL303,Κεντρικός,4.608257428
EL,EL304,Νότιος,4.297553195
EL,EL305,Ανατολική,31.68631002
EL,EL306,Δυτική,66.54157362
EL,EL307,"Πειραιάς,",17.56490181
EL,EL411,"Λέσβος,",-23.759695
EL,EL412,"Ικαρία,",-23.75968267
EL,EL413,Χίος,0
EL,EL421,"Κάλυμνος,",-23.75969578
EL,EL422,"Άνδρος,",-23.75969254
EL,EL431,Ηράκλειο,-23.75969335
EL,EL432,Λασίθι,6317.956326
EL,EL433,Ρέθυμνο,-23.75968267
EL,EL434,Χανιά,-23.75969314
EL,EL511,Έβρος,7.012294377
EL,EL512,Ξάνθη,-23.75969162
EL,EL513,Ροδόπη,-21.32972101
EL,EL514,Δράμα,-23.75969238
EL,EL515,"Θάσος,",-12.35304668
EL,EL521,Ημαθία,-57.2523103
EL,EL522,Θεσσαλονίκη,-28.51001034
EL,EL523,Κιλκίς,-34.71907697
DE,DEA15,"Mönchengladbach,",0
DE,DEE09,Harz,-8.615306902
DE,DEE0A,Mansfeld-Südharz,-4.783042746
DE,DEE0B,Saalekreis,-3.263157765
DE,DEE0C,Salzlandkreis,-10.83378335
DE,DEE0D,Stendal,-11.97284849
DE,DEE0E,Wittenberg,-10.50306197
DE,DEF01,"Flensburg,",0
DE,DEF02,"Kiel,",-2.468473406
DE,DEF03,"Lübeck,",-4.649228588
DE,DEF04,"Neumünster,",0
DE,DEF05,Dithmarschen,-5.649081793
DE,DEF06,Herzogtum,-6.053826653
DE,DEF07,Nordfriesland,-4.940749142
DE,DEF08,Ostholstein,-4.396856466
DE,DEF09,Pinneberg,-4.530324667
DE,DEF0A,Plön,-4.916698015
DE,DEF0B,Rendsburg-Eckernförde,-6.397275439
DE,DEF0C,Schleswig-Flensburg,-6.364131298
DE,DEF0D,Segeberg,-4.783038194
DE,DEF0E,Steinburg,-5.478966244
DE,DEF0F,Stormarn,-7.048048884
DE,DEG01,"Erfurt,",-12.9882261
DE,DEG02,"Gera,",-5.896283374
DE,DEG03,"Jena,",-6.229317224
DE,DEG04,"Suhl,",0
DE,DEG05,"Weimar,",0
DE,DEG06,Eichsfeld,-4.783045527
DE,DEG07,Nordhausen,-6.596454349
DE,DEG09,Unstrut-Hainich-Kreis,0
DE,DEG0A,Kyffhäuserkreis,-8.930045214
DE,DEG0B,Schmalkalden-Meiningen,1.110522281
DE,DEG0C,Gotha,0
DE,DEG0D,Sömmerda,-16.60563895
DE,DEA16,Mülheim,-4.410018807
DE,DEA17,"Oberhausen,",-30.62008571
DE,DEA18,"Remscheid,",0
DE,DEA19,"Solingen,",0
DE,DEA1A,"Wuppertal,",0
DE,DEA1B,Kleve,-5.034535703
DE,DEA1C,Mettmann,-13.96025052
DE,DEA1D,Rhein-Kreis,-11.49288258
DE,DEA1E,Viersen,0
DE,DEA1F,Wesel,-7.740427004
DE,DEA22,"Bonn,",-5.430504411
DE,DEA23,"Köln,",-11.98568917
DE,DEA24,"Leverkusen,",-4.995088331
DE,DEA26,Düren,-13.69514646
DE,DEA27,Rhein-Erft-Kreis,-11.65562635
DE,DEA28,Euskirchen,0
DE,DEA29,Heinsberg,-10.27241826
DE,DEA2A,Oberbergischer,0
DE,DEA2B,Rheinisch-Bergischer,0
DE,DEA2C,Rhein-Sieg-Kreis,-5.344919753
DE,DEA2D,Städteregion,0
DE,DEA31,"Bottrop,",0
DE,DEA32,"Gelsenkirchen,",0
DE,DEA33,"Münster,",-4.783035988
DE,DEA34,Borken,0
DE,DEA35,Coesfeld,-4.78303838
DE,DEA36,Recklinghausen,-7.324109985
DE,DEA37,Steinfurt,-6.198109447
DE,DEA38,Warendorf,-8.743146584
DE,DEA41,"Bielefeld,",0
DE,DEA42,Gütersloh,-4.783037901
DE,DEA43,Herford,-8.218068683
DE,DEA44,Höxter,-1.798093435
DE,DEA45,Lippe,-5.138681383
DE,DEA46,Minden-Lübbecke,-6.690130729
DE,DEA47,Paderborn,-8.340184981
DE,DEA51,"Bochum,",-10.14376981
DE,DEA52,"Dortmund,",-4.783037594
FI,FI1C4,Kymenlaakso,14.32093766
FI,FI1C5,Etelä-Karjala,18.978965
FI,FI1D1,Etelä-Savo,19.51088111
FI,FI1D2,Pohjois-Savo,17.12815379
FI,FI1D3,Pohjois-Karjala,18.21217352
FI,FI1D5,Keski-Pohjanmaa,18.17126923
FI,FI1D7,Lappi,17.55035891
FI,FI1D8,Kainuu,19.51087989
FI,FI1D9,Pohjois-Pohjanmaa,16.85814681
FI,FI200,Åland,0
FR,FR101,Paris,0.68821569
EL,EL524,Πέλλα,-69.22212435
FI,FI193,Keski-Suomi,18.52916847
FI,FI194,Etelä-Pohjanmaa,19.5108856
FI,FI195,Pohjanmaa,18.90159993
FI,FI196,Satakunta,15.85978685
FI,FI197,Pirkanmaa,16.92999088
FI,FI1B1,Helsinki-Uusimaa,5.837609843
FI,FI1C1,Varsinais-Suomi,17.05915473
FI,FI1C2,Kanta-Häme,15.61870598
FI,FI1C3,Päijät-Häme,18.78756984
EL,EL642,Εύβοια,-9.39963826
EL,EL643,Ευρυτανία,-23.96519344
EL,EL644,Φθιώτιδα,-37.95293232
EL,EL645,Φωκίδα,-24.54861814
EL,EL651,"Αργολίδα,",-7.764938678
EL,EL652,Κορινθία,-9.121623012
EL,EL653,"Λακωνία,",-11.60690912
ES,ES111,A,24.48090412
ES,ES112,Lugo,23.45863357
ES,ES113,Ourense,9.326311854
ES,ES114,Pontevedra,63.52167529
ES,ES120,Asturias,19.13694764
ES,ES130,Cantabria,5.201109212
ES,ES211,Araba/Álava,10.77315048
ES,ES212,Gipuzkoa,11.6322428
ES,ES213,Bizkaia,4.910222016
ES,ES220,Navarra,9.42372419
ES,ES230,La,20.20248368
ES,ES241,Huesca,-19.57307221
ES,ES242,Teruel,16.39311864
ES,ES243,Zaragoza,-17.01262498
ES,ES300,Madrid,7.708162452
ES,ES411,Ávila,10.77316432
ES,ES412,Burgos,2.656925959
ES,ES413,León,-3.43236302
ES,ES414,Palencia,6.096853315
ES,ES415,Salamanca,4.645950182
ES,ES416,Segovia,10.77316607
ES,ES417,Soria,11.82759127
ES,ES418,Valladolid,12.11452432
ES,ES419,Zamora,-1.017808491
EL,EL525,Πιερία,-33.12701135
EL,EL526,Σέρρες,-4.40053043
EL,EL527,Χαλκιδική,-23.75969588
EL,EL531,"Γρεβενά,",-25.2644361
EL,EL532,Καστοριά,-23.75969127
EL,EL533,Φλώρινα,-31.5923867
EL,EL541,"Άρτα,",-16.29209843
EL,EL542,Θεσπρωτία,-23.75969113
EL,EL543,Ιωάννινα,-24.12223017
EL,EL611,"Καρδίτσα,",-17.00453074
EL,EL612,Λάρισα,-18.29185851
EL,EL613,"Μαγνησία,",-13.26765652
EL,EL621,Ζάκυνθος,58.48817394
EL,EL622,Κέρκυρα,-18.53005908
EL,EL623,"Ιθάκη,",-23.75969001
EL,EL624,Λευκάδα,0.338286632
EL,EL631,Αιτωλοακαρνανία,-17.19554751
EL,EL632,Αχαΐα,6.05738329
EL,EL633,Ηλεία,-29.43678722
EL,EL641,Βοιωτία,-10.49161779
ES,ES531,Eivissa,23.09122623
ES,ES532,Mallorca,38.83063951
ES,ES533,Menorca,10.77316578
ES,ES611,Almería,21.0182367
ES,ES612,Cádiz,19.5849527
ES,ES613,Córdoba,9.096806811
ES,ES614,Granada,52.43947606
ES,ES615,Huelva,68.6969883
ES,ES616,Jaén,10.35610482
ES,ES617,Málaga,16.22522824
ES,ES618,Sevilla,-9.307013383
ES,ES620,Murcia,11.2376457
ES,ES630,Ceuta,0
ES,ES640,Melilla,7.422876423
HU,HU321,Hajdú-Bihar,-17.63838612
HU,HU322,Jász-Nagykun-Szolnok,-16.42352812
ES,ES421,Albacete,8.078701859
ES,ES422,Ciudad,6.537367739
ES,ES423,Cuenca,10.12819079
ES,ES424,Guadalajara,12.14806484
ES,ES425,Toledo,9.320947474
ES,ES431,Badajoz,-20.66164314
ES,ES432,Cáceres,-23.42462889
ES,ES511,Barcelona,23.16536764
ES,ES512,Girona,38.44453063
ES,ES513,Lleida,0.853947714
ES,ES514,Tarragona,19.02850317
ES,ES521,Alicante/Alacant,10.23330983
ES,ES522,Castellón/Castelló,17.96454159
ES,ES523,Valencia/València,16.22539236
HR,HR022,Virovitičko-podravska,-13.15974254
FR,FR102,Seine-et-Marne,20.36387767
FR,FR103,Yvelines,19.28283072
FR,FR104,Essonne,16.9764083
FR,FR105,Hauts-de-Seine,1.223763721
FR,FR106,Seine-Saint-Denis,5.653710895
FR,FR107,Val-de-Marne,1.771501323
FR,FR108,Val-d’Oise,24.32031599
FR,FRB01,Cher,29.2295013
FR,FRB02,Eure-et-Loir,29.66304762
FR,FRB03,Indre,31.58756556
FR,FRB04,Indre-et-Loire,20.57869518
FR,FRB05,Loir-et-Cher,22.89907613
FR,FRB06,Loiret,22.26159771
FR,FRC11,Côte-d’Or,34.81180106
FR,FRC12,Nièvre,21.91340037
FR,FRC13,Saône-et-Loire,7.216065117
FR,FRC14,Yonne,31.45345881
FR,FRC21,Doubs,20.69516463
FR,FRC22,Jura,26.27929991
FR,FRC23,Haute-Saône,28.81913135
FR,FRC24,Territoire,26.43799116
FR,FRD11,Calvados,14.68323541
FR,FRG02,Maine-et-Loire,26.4886715
FR,FRG03,Mayenne,18.24032937
FR,FRG04,Sarthe,21.46640606
FR,FRG05,Vendée,35.69542177
FR,FRH01,Côtes-d’Armor,36.82449097
FR,FRH02,Finistère,28.58632522
FR,FRH03,Ille-et-Vilaine,25.19734975
FR,FRH04,Morbihan,32.74199463
FR,FRI11,Dordogne,24.9128377
FR,FRI12,Gironde,12.13735093
FR,FRI13,Landes,21.86121679
FR,FRI14,Lot-et-Garonne,21.24663521
FR,FRI15,Pyrénées-Atlantiques,19.11584652
FR,FRI21,Corrèze,28.11359724
FR,FRI22,Creuse,26.50341474
FR,FRI23,Haute-Vienne,17.40242357
FR,FRI31,Charente,27.65450964
FR,FRI32,Charente-Maritime,29.82847565
FR,FRI33,Deux-Sèvres,32.1442224
FR,FRI34,Vienne,23.86944
FR,FRJ11,Aude,34.02307216
FR,FRJ12,Gard,19.66347664
FR,FRJ13,Hérault,31.40036256
FR,FRJ14,Lozère,26.43799772
FR,FRJ15,Pyrénées-Orientales,23.85516504
FR,FRJ21,Ariège,25.30596972
FR,FRJ22,Aveyron,28.60113178
FR,FRJ23,Haute-Garonne,17.47694891
FR,FRJ24,Gers,28.2392372
FR,FRJ25,Lot,28.91464511
FR,FRJ26,Hautes-Pyrénées,32.60786898
FR,FRJ27,Tarn,26.32004245
FR,FRJ28,Tarn-et-Garonne,29.56698708
FR,FRK11,Allier,24.67876887
FR,FRK12,Cantal,26.43799613
FR,FRK13,Haute-Loire,19.76857474
HR,HR031,Primorsko-goranska,-7.781002072
HR,HR032,Ličko-senjska,-16.93421487
HR,HR033,Zadarska,-7.266641739
HR,HR034,Šibensko-kninska,-11.56216456
HR,HR035,Splitsko-dalmatinska,3.15349685
HR,HR036,Istarska,-0.821803678
HR,HR037,Dubrovačko-neretvanska,-8.321081101
HR,HR050,Grad,18.4112272
HR,HR065,Zagrebačka,-8.507759005
HR,HR064,Krapinsko-zagorska,-17.49739974
HR,HR062,Varaždinska,20.32632176
HR,HR063,Koprivničko-križevačka,-12.06064996
HR,HR061,Međimurska,1.9396288
HR,HR021,Bjelovarsko-bilogorska,-17.49739566
HR,HR023,Požeško-slavonska,-17.49739783
HR,HR024,Brodsko-posavska,-13.91207921
HR,HR025,Osječko-baranjska,-11.59769508
HR,HR026,Vukovarsko-srijemska,-16.62792817
HR,HR027,Karlovačka,-6.16423759
HR,HR028,Sisačko-moslavačka,-14.17264084
HU,HU110,Budapest,-28.72138547
HU,HU120,Pest,-27.79926958
HU,HU211,Fejér,-32.43321779
HU,HU212,Komárom-Esztergom,-8.538308144
HU,HU213,Veszprém,-19.29342124
HU,HU221,Győr-Moson-Sopron,-9.949674894
HU,HU222,Vas,-15.65823998
HU,HU223,Zala,-16.71098429
HU,HU231,Baranya,-15.59639798
HU,HU232,Somogy,-16.53429036
HU,HU233,Tolna,-17.69876523
HU,HU311,Borsod-Abaúj-Zemplén,-17.09352266
HU,HU312,Heves,-15.95343928
HU,HU313,Nógrád,-3.204963231
LT,LT025,Panevėžio,-20.30079592
LT,LT026,Šiaulių,-20.47873251
HU,HU323,Szabolcs-Szatmár-Bereg,-15.33632511
HU,HU331,Bács-Kiskun,-20.14850139
HU,HU332,Békés,-15.72463732
HU,HU333,Csongrád,-14.62035533
IE,IE041,Border,31.8150475
IE,IE042,West,49.74979215
IE,IE051,Mid-West,55.66377585
IE,IE052,South-East,41.8717395
IE,IE053,South-West,34.99046791
IE,IE061,Dublin,46.77654028
IE,IE062,Mid-East,26.68991641
IE,IE063,Midland,34.21992824
FR,FRD12,Manche,29.78916552
FR,FRD13,Orne,26.43799518
FR,FRD21,Eure,25.38848958
IT,ITF65,Reggio,3.171362296
FR,FRK14,Puy-de-Dôme,13.71096946
FR,FRK21,Ain,-0.706248063
FR,FRK22,Ardèche,16.61391284
FR,FRK23,Drôme,4.334124546
FR,FRK24,Isère,-6.630503534
FR,FRK25,Loire,19.74219482
FR,FRK26,Rhône,11.28672455
FR,FRK27,Savoie,21.20443361
FR,FRK28,Haute-Savoie,24.29287625
FR,FRL01,Alpes-de-Haute-Provence,30.11625416
FR,FRL02,Hautes-Alpes,26.39356171
FR,FRL03,Alpes-Maritimes,12.22875571
FR,FRL04,Bouches-du-Rhône,37.02048236
FR,FRL05,Var,22.13062673
FR,FRL06,Vaucluse,-16.87270615
FR,FRM01,Corse-du-Sud,26.72707501
FR,FRM02,Haute-Corse,28.36947804
FR,FRD22,Seine-Maritime,24.68486384
FR,FRE11,Nord,22.82144015
FR,FRE12,Pas-de-Calais,19.33695099
FR,FRE21,Aisne,44.70370818
FR,FRE22,Oise,23.959945
FR,FRE23,Somme,22.96967084
FR,FRF11,Bas-Rhin,26.10344088
FR,FRF12,Haut-Rhin,32.59852622
FR,FRF21,Ardennes,39.91807738
FR,FRF22,Aube,12.27744454
FR,FRF23,Marne,-13.26833281
FR,FRF24,Haute-Marne,12.89674507
FR,FRF31,Meurthe-et-Moselle,24.23324217
FR,FRF32,Meuse,29.95010432
FR,FRF33,Moselle,10.77330596
FR,FRF34,Vosges,25.75311144
FR,FRG01,Loire-Atlantique,25.41332332
NL,NL133,Zuidwest-Drenthe,10.10742345
NL,NL211,Noord-Overijssel,21.37595314
NL,NL212,Zuidwest-Overijssel,29.96293982
NL,NL213,Twente,22.87692139
NL,NL221,Veluwe,7.515186545
NL,NL224,Zuidwest-Gelderland,22.21259395
NL,NL225,Achterhoek,19.69194916
NL,NL226,Arnhem/Nijmegen,4.108284845
NL,NL230,Flevoland,14.86861719
NL,NL310,Utrecht,16.56177195
NL,NL321,Kop,25.5037044
NL,NL323,IJmond,23.42391654
NL,NL324,Agglomeratie,44.83896665
NL,NL325,Zaanstreek,5.126909401
NL,NL327,Het,6.991527463
NL,NL328,Alkmaar,15.39073145
NL,NL329,Groot-Amsterdam,13.0249369
NL,NL332,Agglomeratie,8.572079388
NL,NL333,Delft,21.83685768
NL,NL337,Agglomeratie,8.22294305
IT,ITC11,Torino,-7.382903528
IT,ITC12,Vercelli,-1.555428967
IT,ITC13,Biella,0
LT,LT027,Tauragės,-18.91695585
LT,LT028,Telšių,-20.4979143
LT,LT029,Utenos,-20.46692523
LU,LU000,Luxembourg,64.52833532
LV,LV003,Kurzeme,-18.47459697
LV,LV005,Latgale,-21.71205716
LV,LV006,Rīga,-41.44689241
LV,LV007,Pierīga,-22.67851182
LV,LV008,Vidzeme,-24.79939386
LV,LV009,Zemgale,-24.57441369
NL,NL33A,Zuidoost-Zuid-Holland,8.819043476
NL,NL33B,Oost-Zuid-Holland,17.36377659
NL,NL33C,Groot-Rijnmond,9.586744819
NL,NL341,Zeeuwsch-Vlaanderen,29.85745106
IT,ITC49,Lodi,-2.140603782
IT,ITC4A,Cremona,0.308926466
IT,ITC4B,Mantova,-0.080470342
IT,ITC4C,Milano,0
IT,ITC4D,Monza,0
IT,ITF11,L’Aquila,-2.235807684
IT,ITF12,Teramo,0.828175681
IT,ITF13,Pescara,-6.951523542
IT,ITF14,Chieti,3.850771002
IT,ITF21,Isernia,0
IT,ITF22,Campobasso,0.628716647
IT,ITF31,Caserta,19.81450814
IT,ITF32,Benevento,-9.444073715
IT,ITF33,Napoli,6.834521896
IT,ITF34,Avellino,0
IT,ITF35,Salerno,13.21891313
IT,ITF43,Taranto,4.628190405
IT,ITF44,Brindisi,0
IT,ITF45,Lecce,-2.235808621
IT,ITF46,Foggia,2.816836975
IT,ITF47,Bari,1.531983064
IT,ITF48,Barletta-Andria-Trani,-2.804726357
IT,ITF51,Potenza,-2.235796168
IT,ITF52,Matera,-0.897232036
IT,ITF61,Cosenza,-0.331756077
IT,ITF62,Crotone,-2.235802007
IT,ITF63,Catanzaro,-0.14983977
IT,ITF64,Vibo,-2.235809972
IT,ITG11,Trapani,3.066891707
IT,ITG12,Palermo,1.011324725
IT,ITG13,Messina,-0.855432644
IT,ITG14,Agrigento,-1.649193712
IT,ITG15,Caltanissetta,0.628968607
IT,ITG16,Enna,-2.235811076
IT,ITG17,Catania,-7.167030609
IT,ITG18,Ragusa,-2.235805834
IT,ITG19,Siracusa,-2.235813633
IT,ITG2D,Sassari,1.96661823
IT,ITG2E,Nuoro,4.661977685
IT,ITG2H,Sud,8.647891509
IT,ITG2G,Oristano,8.83940334
IT,ITH10,Bolzano-Bozen,0.587598602
IT,ITH20,Trento,0.501321145
IT,ITH31,Verona,-5.70394914
IT,ITH32,Vicenza,-5.055511933
IT,ITC14,Verbano-Cusio-Ossola,-2.368421071
IT,ITC15,Novara,0.437145531
IT,ITC16,Cuneo,-10.69669324
IT,ITC17,Asti,-11.7419875
IT,ITC18,Alessandria,-6.487528309
IT,ITC20,Valle,-1.383910286
IT,ITC31,Imperia,4.008381519
IT,ITC32,Savona,3.364675799
IT,ITC33,Genova,0.935304304
IT,ITC34,La,0.652096952
IT,ITC41,Varese,0
IT,ITC42,Como,-2.235806517
IT,ITC43,Lecco,0
IT,ITC44,Sondrio,-1.797001659
IT,ITC46,Bergamo,-16.36789262
IT,ITC47,Brescia,2.406651184
IT,ITC48,Pavia,5.947717019
IT,ITI17,Pisa,-6.704828904
IT,ITI18,Arezzo,-0.581030527
IT,ITI19,Siena,-2.235815282
IT,ITI1A,Grosseto,-0.393076016
IT,ITI21,Perugia,-2.235801871
IT,ITI22,Terni,-19.85825478
IT,ITI31,Pesaro,0.767494223
IT,ITI32,Ancona,1.609719591
IT,ITI33,Macerata,1.743994389
IT,ITI34,Ascoli,0.159037727
IT,ITI35,Fermo,1.284511614
IT,ITI41,Viterbo,-2.94993066
IT,ITI42,Rieti,-12.59174885
IT,ITI43,Roma,-11.72291459
IT,ITI44,Latina,0.990928229
IT,ITI45,Frosinone,-0.735292953
LT,LT011,Vilniaus,-13.74847731
LT,LT021,Alytaus,-23.09023169
LT,LT022,Kauno,-19.78764004
LT,LT023,Klaipėdos,-19.90520356
LT,LT024,Marijampolės,-14.28488864
PL,PL213,Miasto,-9.814030992
PL,PL214,Krakowski,-18.89336013
PL,PL217,Tarnowski,-22.64042707
PL,PL218,Nowosądecki,-14.075776
PL,PL219,Nowotarski,-12.71872022
PL,PL225,Bielski,-12.67038503
PL,PL227,Rybnicki,-28.64475509
PL,PL228,Bytomski,-15.67364627
PL,PL229,Gliwicki,-15.67363596
PL,PL22A,Katowicki,65.38277586
IT,ITH33,Belluno,-0.884668959
IT,ITH34,Treviso,3.854771995
IT,ITH35,Venezia,1.796765257
IT,ITH36,Padova,-8.080764832
IT,ITH37,Rovigo,-1.925308919
IT,ITH41,Pordenone,1.799539385
IT,ITH42,Udine,4.524492331
IT,ITH43,Gorizia,6.462134956
IT,ITH44,Trieste,6.423245031
IT,ITH51,Piacenza,6.385888659
IT,ITH52,Parma,0.877414724
IT,ITH53,Reggio,5.330587918
IT,ITH54,Modena,-1.44435713
IT,ITH55,Bologna,-4.514734584
IT,ITH56,Ferrara,0.363795615
IT,ITH57,Ravenna,-0.818729117
IT,ITH58,Forlì-Cesena,-2.235812778
IT,ITH59,Rimini,2.112825295
IT,ITI11,Massa-Carrara,0.890735605
IT,ITI12,Lucca,2.30366574
IT,ITI13,Pistoia,-14.07495733
IT,ITI14,Firenze,-9.715414967
IT,ITI15,Prato,-13.12529375
IT,ITI16,Livorno,1.182757497
NL,NL342,Overig,16.57751916
NL,NL411,West-Noord-Brabant,15.295569
NL,NL412,Midden-Noord-Brabant,34.17260397
NL,NL413,Noordoost-Noord-Brabant,15.14597615
NL,NL414,Zuidoost-Noord-Brabant,14.0409439
NL,NL421,Noord-Limburg,22.4333227
NL,NL422,Midden-Limburg,17.09647606
NL,NL423,Zuid-Limburg,1.530198831
NL,NL111,Oost-Groningen,13.98438856
NL,NL112,Delfzijl,16.76675807
NL,NL113,Overig,9.276305684
NL,NL124,Noord-Friesland,9.161807382
NL,NL125,Zuidwest-Friesland,10.70889574
NL,NL126,Zuidoost-Friesland,14.45701581
NL,NL131,Noord-Drenthe,18.72962649
NL,NL132,Zuidoost-Drenthe,15.49343041
SK,SK032,Banskobystrický,0.741736965
SK,SK041,Prešovský,-0.494786149
SK,SK042,Košický,-2.750326175
PL,PL22B,Sosnowiecki,-1.652713128
PL,PL22C,Tyski,-17.24085711
PL,PL411,Pilski,-9.031120174
PL,PL414,Koniński,-14.19247817
PL,PL415,Miasto,-12.70463391
SE,SE110,Stockholms,20.09888711
SE,SE121,Uppsala,28.42165469
SE,SE122,Södermanlands,39.91429572
SE,SE123,Östergötlands,34.05149071
SE,SE124,Örebro,27.6854982
PL,PL515,Jeleniogórski,-5.526945148
PL,PL516,Legnicko-głogowski,-21.77723994
PL,PL517,Wałbrzyski,-17.59548335
PL,PL518,Wrocławski,-15.35537884
PL,PL523,Nyski,-13.80111132
PL,PL524,Opolski,-11.52138812
PL,PL613,Bydgosko-toruński,-17.97045154
PL,PL616,Grudziądzki,-12.09806439
PL,PL617,Inowrocławski,-13.55238029
PL,PL618,Świecki,-12.88201248
PL,PL619,Włocławski,-22.58848156
PL,PL621,Elbląski,-11.0220834
PL,PL622,Olsztyński,-14.43087329
PL,PL623,Ełcki,-10.32779171
PL,PL633,Trójmiejski,-7.658171671
PL,PL634,Gdański,-15.37487363
PL,PL636,Słupski,-9.623872185
PL,PL637,Chojnicki,-15.67364092
PL,PL638,Starogardzki,-12.91122496
PL,PL711,Miasto,-15.67364511
PL,PL712,Łódzki,-15.28203442
PL,PL713,Piotrkowski,-14.15778966
PL,PL714,Sieradzki,-13.02974899
PL,PL715,Skierniewicki,-9.768742202
PL,PL721,Kielecki,-12.96868194
PL,PL722,Sandomiersko-jędrzejowski,-16.19157666
PL,PL811,Bialski,-15.72271956
PL,PL812,Chełmsko-zamojski,-10.402949
PL,PL814,Lubelski,-14.77969813
PL,PL815,Puławski,-14.94179994
PL,PL821,Krośnieński,-9.222473285
PL,PL822,Przemyski,-39.38173295
PL,PL823,Rzeszowski,-10.12191008
PL,PL824,Tarnobrzeski,-14.88703877
PL,PL841,Białostocki,-11.73224419
PL,PL842,Łomżyński,-10.70236382
PL,PL843,Suwalski,-14.73197341
PL,PL911,Miasto,-10.33462271
PL,PL912,Warszawski,-25.50266436
PL,PL416,Kaliski,-9.408942642
PL,PL417,Leszczyński,-12.80237254
PL,PL418,Poznański,-8.202600016
PL,PL424,Miasto,-11.12905348
PL,PL426,Koszaliński,-2.773085733
PL,PL427,Szczecinecko-pyrzycki,-8.68701049
PL,PL428,Szczeciński,-9.109284012
PL,PL431,Gorzowski,-11.38818603
PL,PL432,Zielonogórski,-18.62407929
PL,PL514,Miasto,-10.3785062
PL,PL21A,Oświęcimski,-22.51165225
PL,PL224,Częstochowski,-10.17455432
SI,SI044,Obalno-kraška,185.02822
SK,SK010,Bratislavský,15.28508296
SK,SK021,Trnavský,2.663404106
SK,SK022,Trenčiansky,-2.700014925
SK,SK023,Nitriansky,2.008506614
SK,SK031,Žilinský,-13.08545301
PT,PT16F,Região,-9.980433595
PT,PT16G,Viseu,10.9191902
PT,PT16H,Beira,6.566397241
PT,PT16I,Médio,0.350611057
PT,PT16J,Beiras,-2.622710443
PT,PT170,Área,5.660955166
PT,PT181,Alentejo,-33.02722182
PT,PT184,Baixo,-1.750605815
PT,PT185,Lezíria,4.248883809
PT,PT186,Alto,-2.486369365
PT,PT187,Alentejo,9.529471338
SE,SE313,Gävleborgs,39.89213209
RO,RO126,Sibiu,-15.47404473
RO,RO211,Bacău,-27.56190502
RO,RO212,Botoşani,-30.74851136
RO,RO213,Iaşi,-15.2519204
RO,RO214,Neamţ,-29.27409521
RO,RO215,Suceava,-22.31268278
RO,RO216,Vaslui,-23.28157332
RO,RO221,Brăila,-26.07989513
RO,RO222,Buzău,-27.48095756
RO,RO223,Constanţa,-20.63784997
RO,RO224,Galaţi,-29.99199419
RO,RO225,Tulcea,-28.62321845
RO,RO226,Vrancea,-25.78753016
RO,RO311,Argeş,-26.03858948
RO,RO312,Călăraşi,-23.09042691
RO,RO313,Dâmboviţa,-25.50293928
RO,RO314,Giurgiu,7.453609897
RO,RO315,Ialomiţa,-20.46766343
RO,RO316,Prahova,-28.31324272
RO,RO317,Teleorman,-13.36477966
RO,RO321,Bucureşti,0
RO,RO322,Ilfov,-26.03858943
RO,RO411,Dolj,-41.63411853
RO,RO412,Gorj,-22.3881358
RO,RO413,Mehedinţi,-16.86580266
RO,RO414,Olt,-26.46345279
RO,RO415,Vâlcea,-15.6988891
RO,RO421,Arad,-19.42242947
RO,RO422,Caraş-Severin,-26.41676747
RO,RO423,Hunedoara,-8.006867692
RO,RO424,Timiş,-9.935514781
UK,UKF11,Derby,13.58193917
UK,UKF12,East,28.26551137
UK,UKF13,South,27.59194959
UK,UKF14,Nottingham,3.396845258
UK,UKF15,North,31.12585537
UK,UKF16,South,8.371974443
UK,UKF21,Leicester,4.879046804
UK,UKF22,Leicestershire,27.49550266
UK,UKF24,West,14.18254623
UK,UKF25,North,30.4792333
UK,UKF30,Lincolnshire,28.08752905
UK,UKG11,"Herefordshire,",35.29277777
UK,UKG12,Worcestershire,21.73019078
UK,UKG13,Warwickshire,11.39748614
UK,UKG21,Telford,28.26551308
UK,UKG22,Shropshire,17.30765814
UK,UKG23,Stoke-on-Trent,0
UK,UKG24,Staffordshire,16.48542714
UK,UKG31,Birmingham,0
RO,RO111,Bihor,-24.85531939
RO,RO112,Bistriţa-Năsăud,-16.91113438
RO,RO113,Cluj,-10.66770992
RO,RO114,Maramureş,-23.78324456
RO,RO115,Satu,-15.20736287
RO,RO116,Sălaj,-27.56404937
RO,RO121,Alba,-19.59894349
RO,RO122,Braşov,-16.17067008
RO,RO123,Covasna,-26.22307039
RO,RO124,Harghita,1.642943785
RO,RO125,Mureş,-15.93691935
SE,SE125,Västmanlands,31.64921164
SE,SE211,Jönköpings,36.31826742
SE,SE212,Kronobergs,31.73654649
SE,SE213,Kalmar,42.84504217
SE,SE214,Gotlands,45.37775599
SE,SE221,Blekinge,38.55125304
SE,SE224,Skåne,31.0655713
SE,SE231,Hallands,37.37592166
SE,SE232,Västra,20.5394546
SE,SE311,Värmlands,44.15263987
SE,SE312,Dalarnas,44.56617644
SI,SI041,Osrednjeslovenska,4.296580965
SI,SI042,Gorenjska,-4.066574945
SI,SI043,Goriška,-6.428293549
UK,UKG32,Solihull,0
UK,UKG33,Coventry,0
UK,UKG36,Dudley,0
UK,UKG37,Sandwell,0
UK,UKG38,Walsall,0
UK,UKG39,Wolverhampton,0
UK,UKH11,Peterborough,52.67581302
UK,UKH12,Cambridgeshire,23.98261505
UK,UKH14,Suffolk,39.7605656
UK,UKH15,Norwich,1.961957872
UK,UKH16,North and,27.80253481
UK,UKH17,Breckland,25.00787445
UK,UKH21,Luton,0
UK,UKH23,Hertfordshire,30.85529645
UK,UKH24,Bedford,6.102512731
SE,SE321,Västernorrlands,41.4271578
SE,SE322,Jämtlands,41.62487504
SE,SE331,Västerbottens,43.68455268
SE,SE332,Norrbottens,39.76892594
SI,SI031,Pomurska,5.937097724
SI,SI032,Podravska,2.641559686
SI,SI033,Koroška,5.795888363
SI,SI034,Savinjska,12.77826071
SI,SI035,Zasavska,11.76234435
SI,SI036,Posavska,11.89347562
SI,SI037,Jugovzhodna,3.315683229
SI,SI038,Primorsko-notranjska,0
PL,PL913,Warszawski,-25.85675449
PL,PL921,Radomski,-15.59342765
PL,PL922,Ciechanowski,-16.57699849
PL,PL923,Płocki,-30.26025394
PL,PL924,Ostrołęcki,-7.852515953
PL,PL925,Siedlecki,-15.11944591
PL,PL926,Żyrardowski,-10.39460157
PT,PT111,Alto,3.547473753
PT,PT112,Cávado,5.155449313
PT,PT119,Ave,11.68393716
PT,PT11A,Área,10.53589417
PT,PT11B,Alto,-1.884689364
PT,PT11C,Tâmega,-3.281884714
PT,PT11D,Douro,1.335450905
PT,PT11E,Terras,-18.85985017
PT,PT150,Algarve,27.8619977
PT,PT16B,Oeste,-2.647819571
PT,PT16D,Região,55.64896903
PT,PT16E,Região,-1.719102008
UK,UKC11,Hartlepool,-6.960684104
UK,UKC12,South,22.83027262
UK,UKC13,Darlington,0
UK,UKC14,Durham,32.66789429
UK,UKC21,Northumberland,4.842731663
UK,UKC22,Tyneside,11.50974021
UK,UKC23,Sunderland,131.709395
UK,UKD11,West,39.76852917
UK,UKD12,East,16.08702698
UK,UKD33,Manchester,0
UK,UKD34,Greater,46.59986396
UK,UKD35,Greater,0
UK,UKD36,Greater,28.26551956
UK,UKD37,Greater,0
UK,UKD41,Blackburn,0
UK,UKD42,Blackpool,0
UK,UKD44,Lancaster,13.64393495
UK,UKD45,Mid,10.15427384
UK,UKD46,East,0
UK,UKD47,Chorley,28.62616288
UK,UKD61,Warrington,11.36929583
UK,UKD62,Cheshire,0
UK,UKD63,Cheshire,40.86583353
UK,UKD71,East,86.66386202
UK,UKD72,Liverpool,0
UK,UKD73,Sefton,28.26550259
UK,UKD74,Wirral,-3.740350886
UK,UKE11,Kingston,8.879711459
UK,UKE12,East,29.36936321
UK,UKE13,North,49.85373685
UK,UKE21,York,1.622081566
UK,UKH25,Central,28.26551271
UK,UKH31,Southend-on-Sea,4.926122245
UK,UKH32,Thurrock,83.06485794
UK,UKH34,Essex,57.7809017
UK,UKH35,West,28.26551111
UK,UKH36,Heart,51.03728181
UK,UKH37,Essex,637.4009936
UK,UKI31,Camden,0.502422082
UK,UKI32,Westminster,-0.535941096
UK,UKI33,Kensington,-3.406565392
UK,UKI34,Wandsworth,3.635839642
UK,UKI41,Hackney,11.78448779
UK,UKI42,Tower,23.61738504
UK,UKI43,Haringey,-7.316537828
UK,UKI44,Lewisham,-3.775598822
UK,UKI45,Lambeth,56.82777125
UK,UKI51,Bexley,14.67311596
UK,UKI52,Barking,14.56262405
UK,UKI53,Redbridge,69.81922233
UK,UKI54,Enfield,12.99990412
UK,UKI61,Bromley,0
UK,UKI62,Croydon,0
UK,UKI63,"Merton,",0
UK,UKI71,Barnet,0
UK,UKI72,Brent,0
UK,UKI73,Ealing,0
UK,UKI74,Harrow,0
UK,UKI75,Hounslow,12.44670227
UK,UKJ11,Berkshire,16.3702267
UK,UKJ12,Milton,28.26551732
UK,UKJ13,Buckinghamshire,27.53278281
UK,UKJ14,Oxfordshire,23.17140319
UK,UKJ21,Brighton,-0.758697879
UK,UKJ22,East,26.02653038
UK,UKJ25,West,30.05181273
UK,UKJ26,East,0
UK,UKJ27,West,44.58359133
UK,UKJ28,West,28.2655058
UK,UKE22,North,26.78751587
UK,UKE31,"Barnsley,",28.69357394
UK,UKE32,Sheffield,0
UK,UKE41,Bradford,0
UK,UKE42,Leeds,75.05143288
UK,UKE44,Calderdale,14.15867737
UK,UKE45,Wakefield,12.53949228
UK,UKL17,Bridgend,31.17982495
UK,UKL18,Swansea,19.49120046
UK,UKL21,Monmouthshire,34.40890674
UK,UKL22,Cardiff,34.43579396
UK,UKL23,Flintshire,11.2631792
UK,UKL24,Powys,0.445933238
UK,UKM50,Aberdeen,29.81758807
UK,UKM61,Caithness,4.736438368
UK,UKM62,Inverness,28.26550584
UK,UKM63,"Lochaber,",30.18202864
UK,UKM64,Na,28.26550482
UK,UKM71,Angus,44.30369933
UK,UKM72,Clackmannanshire,48.77363397
UK,UKM73,East,32.89085444
UK,UKM75,"Edinburgh,",18.97296036
UK,UKM76,Falkirk,13.92486747
UK,UKM77,Perth,13.94142084
UK,UKM78,West,35.18056554
UK,UKM81,East,-19.15054508
UK,UKM82,Glasgow,-17.4160673
UK,UKM83,"Inverclyde,",-28.96008609
UK,UKM84,North,28.26551274
UK,UKM91,Scottish,27.57475394
UK,UKM92,Dumfries,21.94206442
UK,UKM93,East,-47.97849017
UK,UKM94,South,-36.51295455
UK,UKM95,South,7.14585621
UK,UKN06,Belfast,186.941618
UK,UKN07,Armagh,32.48559686
UK,UKN08,"Newry,",31.83629655
UK,UKN09,Ards,0
UK,UKN0A,Derry,23.67872501
UK,UKN0B,Mid,28.66150859
UK,UKN0C,Causeway,54.47137407
UK,UKN0D,Antrim,0
UK,UKN0E,Lisburn,0
UK,UKN0F,Mid,796.9990999
UK,UKN0G,Fermanagh,22.69314611
UK,UKM65,Orkney,0
UK,UKM66,Shetland,0
UK,UKJ31,Portsmouth,18.55092023
UK,UKJ32,Southampton,141.3669994
UK,UKJ34,Isle,28.26550261
UK,UKJ35,South,34.01430364
UK,UKJ36,Central,48.08580597
UK,UKJ37,North,0
UK,UKJ41,Medway,102.056755
UK,UKJ43,Kent,97.25462006
UK,UKJ44,East,45.23795728
UK,UKJ45,Mid,16.30419371
UK,UKJ46,West,37.7212681
UK,UKK11,"Bristol,",15.06854006
UK,UKK12,Bath,17.52810227
UK,UKK13,Gloucestershire,10.97744331
UK,UKK14,Swindon,0
UK,UKK15,Wiltshire,19.72378673
UK,UKK24,"Bournemouth,",20.38425557
UK,UKK25,Dorset,23.62390743
UK,UKK23,Somerset,27.02619177
UK,UKK30,Cornwall,27.19039641
UK,UKK41,Plymouth,35.43001808
UK,UKK42,Torbay,0
UK,UKK43,Devon,25.52750858
UK,UKL11,Isle,28.57402609
UK,UKL12,Gwynedd,25.05540512
UK,UKL13,Conwy,-42.15709388
UK,UKL14,South,19.93466298
UK,UKL15,Central,0
UK,UKL16,Gwent,0
IT,ITG2F,Cagliari,8.111890908
BE,BE329,Arr.,0